{"cameraMode":{"drawMode":0,"name":"Shaded","section":"Shading Mode"},"sceneLighting":true,"audioPlay":false,"sceneViewState":{"m_AlwaysRefresh":false,"showFog":true,"showSkybox":true,"showFlares":true,"showImageEffects":true,"showParticleSystems":true,"showVisualEffectGraphs":true,"m_FxEnabled":true},"in2DMode":false,"pivot":{"x":13.925332069396973,"y":9.179161071777344,"z":-6.497936725616455},"rotation":{"x":-0.16816973686218263,"y":0.45391857624053957,"z":-0.08767867833375931,"w":-0.8706263899803162},"size":1.6038315296173096,"orthographic":false}